text,label
听到这个好消息，我开心得跳了起来！,开心
终于完成了这个项目，太有成就感了！,开心
和朋友相聚的时光总是这么愉快！,开心
看到花开得这么美，心情都变好了！,开心
吃到想念已久的美食，幸福感爆棚！,开心
收到远方朋友的问候，心里暖暖的！,开心
今天的努力得到了认可，真是太值得了！,开心
看到孩子们天真烂漫的笑容，心都要融化了！,开心
顺利完成了一场重要演讲，如释重负！,开心
听到最喜欢的歌曲，忍不住跟着哼唱！,开心
发现衣柜里还有一件忘记穿的新衣服！,开心
周末可以睡到自然醒，想想就开心！,开心
看到彩虹出现在天空，感觉真幸运！,开心
读到一本精彩的书，舍不得放下！,开心
学会了一项新技能，觉得自己真棒！,开心
和家人一起度过温馨的夜晚！,开心
收到意外的礼物，惊喜万分！,开心
看到 puppies 玩耍的样子，心情瞬间变好！,开心
完成了一次完美的旅行！,开心
听到观众热烈的掌声，激动不已！,开心
帮助别人解决了问题，心里美滋滋的！,开心
看到自己的进步，充满自豪！,开心
和老友重逢，有说不完的话！,开心
在比赛中取得了好成绩，欣喜若狂！,开心
看到满天繁星，感觉世界真美好！,开心
顺利完成工作，可以放松一下了！,开心
听到好笑的笑话，开怀大笑！,开心
发现账户里多了一笔收入！,开心
看到美丽的日落，心旷神怡！,开心
买到心仪已久的物品！,开心
收到朋友的暖心祝福！,开心
看到自己的作品受到赞赏！,开心
和孩子一起做游戏，其乐无穷！,开心
完成了一次有意义的志愿服务！,开心
听到鸟儿欢快的鸣叫！,开心
看到初雪飘落，浪漫又开心！,开心
和老朋友视频聊天，笑声不断！,开心
吃到妈妈做的拿手菜，幸福满满！,开心
看到植物发出新芽，充满希望！,开心
顺利完成体检，身体健康！,开心
听到别人真诚的赞美！,开心
看到喜剧电影，笑得前仰后合！,开心
发现自己的付出有了回报！,开心
和爱人一起度过浪漫时光！,开心
看到海边的美景，心都开阔了！,开心
完成了一次成功的展示！,开心
听到婴儿咯咯的笑声！,开心
看到整洁的房间，心情愉悦！,开心
和朋友分享好消息，快乐加倍！,开心
看到自己的建议被采纳！,开心
吃到新鲜的水果，清甜可口！,开心
看到街头艺人的精彩表演！,开心
收到老师肯定的评价！,开心
看到晨曦中的露珠，晶莹剔透！,开心
完成了一次难忘的露营！,开心
听到雨滴敲打窗户，感觉很惬意！,开心
看到彩虹色的泡泡飘在空中！,开心
和朋友一起回忆往昔，笑声不断！,开心
发现了一个新的爱好！,开心
看到满月升起，美丽动人！,开心
顺利完成搬家，开启新生活！,开心
听到熟悉的旋律，回忆起美好时光！,开心
看到花园里蝴蝶飞舞！,开心
收到学生送的感谢卡片！,开心
看到雪花缓缓飘落，如梦如幻！,开心
完成了一次有挑战的运动！,开心
听到清晨的鸟鸣，充满活力！,开心
看到街头小猫咪慵懒的样子！,开心
和朋友一起做饭，乐趣无穷！,开心
看到自己的努力帮助到了别人！,开心
吃到刚出炉的面包，香气扑鼻！,开心
看到孩子们认真学习的模样！,开心
收到久未联系的朋友的消息！,开心
看到夕阳把云朵染成金色！,开心
完成了一次完美的演出！,开心
听到溪水潺潺流淌的声音！,开心
看到彩虹出现在瀑布旁！,开心
和朋友一起看星星，畅谈人生！,开心
发现了一家很棒的咖啡馆！,开心
看到秋天的红叶，美不胜收！,开心
顺利完成一个重要决定！,开心
听到孩子们银铃般的笑声！,开心
看到初春的第一朵花开放！,开心
收到同事的感谢信！,开心
看到蓝天白云，心情明朗！,开心
完成了一次有意义的捐赠！,开心
听到婚礼上的誓言，感动又开心！,开心
看到萤火虫在夜空中闪烁！,开心
和朋友一起做手工，创意无限！,开心
看到自己的成长变化！,开心
吃到家乡的特色小吃！,开心
看到公园里人们跳舞的身影！,开心
完成了一次成功的谈判！,开心
听到清晨的钟声，宁静祥和！,开心
看到彩虹横跨天空！,开心
收到朋友的惊喜拜访！,开心
看到月光洒在湖面上！,开心
完成了一幅满意的画作！,开心
听到好消息接连不断！,开心
看到孩子们互帮互助！,开心
和朋友一起庆祝成功！,开心
看到朝阳升起，充满希望！,开心
今天的心情像乌云一样沉重,难过
听到这个消息时，我的心都碎了,难过
望着窗外的大雨，眼泪止不住地流,难过
为什么美好的时光总是如此短暂,难过
独自坐在空荡的房间里，感到无比孤独,难过
想起那些无法实现的梦想，心里阵阵酸楚,难过
看着照片上曾经的笑容，现在只剩苦涩,难过
明明很努力，却总是得不到想要的结果,难过
说好的永远，怎么就轻易改变了,难过
夜深人静时，回忆总是让人心痛,难过
看着你离开的背影，却无力挽留,难过
最信任的人却伤我最深,难过
付出那么多，换来的却是失望,难过
梦想破灭的感觉真让人窒息,难过
连最后的希望都消失了,难过
为什么真心总是被辜负,难过
熟悉的街道，却再也找不到从前的快乐,难过
想要倾诉，却发现无人能懂,难过
最美好的回忆变成了最深的伤痛,难过
努力装作坚强，其实内心早已千疮百孔,难过
看着时光流逝，却留不住珍贵的东西,难过
明明在身边，却感觉距离那么遥远,难过
说好一起走的路，现在只剩我一个人,难过
连哭泣都要选择没人的角落,难过
为什么越是珍惜的越容易失去,难过
所有的期待都落空了,难过
想要忘记，却记得更清楚,难过
最难过的是，连难过的理由都说不出口,难过
看着别人的幸福，更觉得自己可怜,难过
连天空都为我落泪,难过
想要拥抱，却只能抱住自己,难过
为什么快乐总是转瞬即逝,难过
连呼吸都觉得疲惫,难过
最痛的不是离别，而是回忆,难过
想要重新开始，却找不到勇气,难过
连微笑都变得那么勉强,难过
为什么真心换不来真心,难过
看着枯萎的花，就像看着自己的心,难过
想要被理解，却总是被误解,难过
连梦想都失去了色彩,难过
最伤人的不是争吵，而是沉默,难过
想要放手，却又不甘心,难过
连眼泪都流干了,难过
为什么付出总是一场空,难过
看着远方的灯火，却没有一盏为我而亮,难过
想要相信，却害怕再次受伤,难过
连安慰的话都显得苍白,难过
最痛苦的是，还要假装一切都好,难过
想要逃离，却无处可去,难过
连心跳都变得沉重,难过
为什么爱情总是让人受伤,难过
看着飘落的树叶，就像逝去的时光,难过
想要坚强，却总是脆弱,难过
连梦境都是伤心的,难过
最难受的是，你不在乎我的难受,难过
想要改变，却无力回天,难过
连阳光都照不进心里,难过
为什么承诺总是轻易被遗忘,难过
看着褪色的照片，回忆渐渐模糊,难过
想要原谅，却忘不掉伤痛,难过
连呼吸都带着痛楚,难过
最悲哀的是，习惯了孤单,难过
想要诉说，却无人倾听,难过
连月光都显得凄凉,难过
为什么总是要在失去后才懂得珍惜,难过
看着破碎的镜子，就像破碎的心,难过
想要微笑，眼泪却先流下,难过
连时间都无法治愈这份伤痛,难过
最无奈的是，明明很在乎却要装作无所谓,难过
想要拥抱温暖，却只触到冰冷,难过
连星星都躲进了云层,难过
为什么最真的心碰不到最好的人,难过
看着凋零的花瓣，就像逝去的爱情,难过
想要忘记，每个细节却历历在目,难过
连空气都弥漫着悲伤,难过
最讽刺的是，还要祝福你幸福,难过
想要重新快乐，却找不到理由,难过
连回忆都在嘲笑我的天真,难过
为什么越是努力越是失去,难过
看着远去的背影，知道再也回不去了,难过
想要坚强，心却一直在下雨,难过
连梦境都不愿给我安慰,难过
最痛的是，你永远不懂我的悲伤,难过
想要放下，却发现早已深入骨髓,难过
连时光都带不走这份惆怅,难过
为什么真心总是被伤害,难过
看着飘散的云朵，多想随风而去,难过
想要相信美好，现实却总是残酷,难过
连心跳都在提醒着伤痛,难过
最难过的是，连难过的资格都没有,难过
想要一个拥抱，却只能抱紧自己,难过
连阳光都变得刺眼,难过
为什么总是在深夜想起你,难过
看着流逝的江水，带不走我的忧伤,难过
想要重新开始，却迈不出第一步,难过
连微笑都需要用力,难过
最伤心的是，你从不懂我的付出,难过
想要被爱，却总是遇不到对的人,难过
连雨水都在为我哭泣,难过
为什么美好的总是回忆,难过
看着熄灭的烛火，就像逝去的希望,难过
想要追寻，却找不到方向,难过
连呼吸都变得困难,难过
最痛苦的是，还要笑着说我很好,难过
你竟敢这样对我！,愤怒
我受够了你的谎言！,愤怒
这简直太过分了！,愤怒
我的忍耐已经到了极限！,愤怒
你凭什么这样指责我？,愤怒
这完全不可理喻！,愤怒
我再也无法忍受这种对待！,愤怒
你太让我失望了！,愤怒
这简直欺人太甚！,愤怒
我的怒火快要压抑不住了！,愤怒
你根本不尊重我的感受！,愤怒
这实在是太荒谬了！,愤怒
我简直要气炸了！,愤怒
你为什么要这样伤害我？,愤怒
这完全是不负责任的行为！,愤怒
我的耐心已经被你消耗殆尽！,愤怒
你太自私了！,愤怒
这简直令人发指！,愤怒
我再也控制不住心中的怒火了！,愤怒
你永远不懂得换位思考！,愤怒
这完全是在侮辱我的智商！,愤怒
我的血液都在沸腾！,愤怒
你为什么要背叛我的信任？,愤怒
这简直是在挑战我的底线！,愤怒
我已经忍无可忍了！,愤怒
你太不讲道理了！,愤怒
这完全超出了我能接受的范畴！,愤怒
我气得浑身发抖！,愤怒
你永远认识不到自己的错误！,愤怒
这简直是在践踏我的尊严！,愤怒
你怎么能如此厚颜无耻！,愤怒
我绝对不会原谅这种行为！,愤怒
这完全是在玩弄我的感情！,愤怒
你太不知好歹了！,愤怒
这简直让我恶心！,愤怒
我的愤怒已经到达顶点！,愤怒
你为什么要这样愚弄我？,愤怒
这完全是对我的羞辱！,愤怒
我恨不得立刻离开这里！,愤怒
你太令人作呕了！,愤怒
这简直是在我的伤口上撒盐！,愤怒
我的理智快要被怒火吞噬了！,愤怒
你永远不明白自己有多过分！,愤怒
这完全是在浪费我的时间！,愤怒
我气得说不出话来！,愤怒
你为什么要这样轻视我？,愤怒
这简直是对我人格的侮辱！,愤怒
我已经到了爆发的边缘！,愤怒
你太不识抬举了！,愤怒
这完全是在挑战我的耐心！,愤怒
我愤怒得想要砸东西！,愤怒
你永远不懂得珍惜！,愤怒
这简直是在嘲弄我的真诚！,愤怒
我的内心充满愤慨！,愤怒
你为什么要这样欺骗我的感情？,愤怒
这完全是对我智商的侮辱！,愤怒
我气得心跳加速！,愤怒
你太让人无法忍受了！,愤怒
这简直是在亵渎我的信任！,愤怒
我已经怒不可遏了！,愤怒
你永远不知道自己的行为有多伤人！,愤怒
这完全是在蔑视我的存在！,愤怒
我愤怒得浑身发热！,愤怒
你为什么要这样践踏我的真心？,愤怒
这简直是对我最大的不尊重！,愤怒
我气得头脑发昏！,愤怒
你太卑鄙了！,愤怒
这完全是在摧毁我的信任！,愤怒
我的怒火在胸中燃烧！,愤怒
你永远体会不到我的愤怒！,愤怒
这简直是在羞辱我的人格！,愤怒
我愤怒得握紧双拳！,愤怒
你为什么要这样背叛我？,愤怒
这完全是对我感情的玩弄！,愤怒
我气得咬牙切齿！,愤怒
你太无耻了！,愤怒
这简直是在挑战我的尊严！,愤怒
我的愤怒如同火山爆发！,愤怒
你永远不理解我的感受！,愤怒
这完全是在蔑视我的付出！,愤怒
我愤怒得全身颤抖！,愤怒
你为什么要这样伤害我的自尊？,愤怒
这简直是对我最大的侮辱！,愤怒
我气得脸色发青！,愤怒
你太可恨了！,愤怒
这完全是在摧毁我的信念！,愤怒
我的怒火难以平息！,愤怒
你永远看不到自己的可恶！,愤怒
这简直是在嘲弄我的感情！,愤怒
我愤怒得想要大声呐喊！,愤怒
你为什么要这样轻视我的感情？,愤怒
这完全是对我真诚的践踏！,愤怒
我气得浑身发烫！,愤怒
你太令人失望了！,愤怒
这完全是在玩弄我的信任！,愤怒
我的愤怒如潮水般涌来！,愤怒
你永远不懂得尊重别人！,愤怒
这简直是在挑战我的底线！,愤怒
我愤怒得想要立刻反击！,愤怒
你为什么要这样伤害我？,愤怒
这完全是对我人格的否定！,愤怒
我气得无法思考！,愤怒
你太可恶了！,愤怒
这简直是在亵渎我的真心！,愤怒
我听到门外有奇怪的脚步声。,恐惧
黑暗中好像有什么东西在移动。,恐惧
这个声音让我毛骨悚然。,恐惧
我总觉得有人在跟踪我。,恐惧
独自在空房子里让我心惊胆战。,恐惧
那个黑影让我浑身发抖。,恐惧
我害怕得不敢呼吸。,恐惧
这个噩梦让我惊醒后再也无法入睡。,恐惧
未知的恐惧最让人害怕。,恐惧
我总觉得暗处有双眼睛在盯着我。,恐惧
听到那个消息时我吓得魂飞魄散。,恐惧
独自走夜路让我脊背发凉。,恐惧
那个突然的声音吓得我跳了起来。,恐惧
我害怕得全身僵硬。,恐惧
这个恐怖故事让我晚上不敢关灯。,恐惧
看到那个景象我吓得说不出话。,恐惧
我恐惧得心跳都要停止了。,恐惧
总觉得下一秒会发生可怕的事。,恐惧
那个回忆让我不寒而栗。,恐惧
我害怕得直冒冷汗。,恐惧
突然的触碰让我惊声尖叫。,恐惧
这个诡异的氛围让我想要逃跑。,恐惧
我恐惧得牙齿都在打颤。,恐惧
总觉得有人在监视我。,恐惧
那个预兆让我感到深深的不安。,恐惧
我害怕得缩成一团。,恐惧
这个寂静比声音更让人恐惧。,恐惧
看到那个眼神我吓得动弹不得。,恐惧
我恐惧得想要大声呼救。,恐惧
总觉得有什么在悄悄靠近。,恐惧
那个威胁让我日夜难安。,恐惧
我害怕得捂住眼睛不敢看。,恐惧
这个谜团让我感到莫名的恐慌。,恐惧
听到那个消息我吓得脸色发白。,恐惧
我恐惧得想要立即逃离。,恐惧
总觉得危险正在逼近。,恐惧
那个画面在我脑中挥之不去。,恐惧
我害怕得抱紧双臂。,恐惧
这个决定让我充满恐惧。,恐惧
看到那个符号我吓得后退几步。,恐惧
我恐惧得手心全是汗。,恐惧
总觉得会失去重要的人。,恐惧
那个警告让我坐立不安。,恐惧
我害怕得夜不能寐。,恐惧
这个环境让我感到极度不适。,恐惧
听到那个声音我吓得屏住呼吸。,恐惧
我恐惧得想要躲起来。,恐惧
总觉得会发生不可挽回的事。,恐惧
那个可能性让我胆战心惊。,恐惧
我害怕得闭上眼睛。,恐惧
这个发现让我浑身发冷。,恐惧
看到那个动作我吓得尖叫。,恐惧
我恐惧得想要寻求保护。,恐惧
总觉得有人在暗中观察。,恐惧
那个念头让我不寒而栗。,恐惧
我害怕得加快脚步。,恐惧
这个变故让我措手不及。,恐惧
听到那个消息我吓得呆立当场。,恐惧
我恐惧得想要找人陪伴。,恐惧
总觉得灾难即将降临。,恐惧
那个发现让我惊恐万分。,恐惧
我害怕得捂住耳朵。,恐惧
这个场景让我想起可怕的经历。,恐惧
看到那个影子我吓得魂不附体。,恐惧
我恐惧得浑身冰凉。,恐惧
总觉得会被抛弃。,恐惧
那个声音让我头皮发麻。,恐惧
我害怕得缩在角落。,恐惧
这个预感让我心神不宁。,恐惧
听到那个动静我吓得心跳加速。,恐惧
我恐惧得想要开灯。,恐惧
总觉得有人在呼唤我的名字。,恐惧
那个发现让我倒吸一口冷气。,恐惧
我害怕得咬紧嘴唇。,恐惧
这个变化让我惶恐不安。,恐惧
看到那个景象我吓得腿软。,恐惧
我恐惧得想要尖叫却发不出声。,恐惧
总觉得死亡在靠近。,恐惧
那个认知让我浑身颤抖。,恐惧
我害怕得闭上眼睛祈祷。,恐惧
这个处境让我绝望又恐惧。,恐惧
听到那个声响我吓得跳起来。,恐惧
我恐惧得想要立即结束这一切。,恐惧
总觉得会被伤害。,恐惧
那个事实让我如坠冰窟。,恐惧
我害怕得蜷缩在被子裡。,恐惧
这个发现让我惊恐地后退。,恐惧
看到那个标记我吓得转身就跑。,恐惧
我恐惧得声音发抖。,恐惧
总觉得会被困在这里。,恐惧
那个声音越来越近让我恐慌。,恐惧
我害怕得无法思考。,恐惧
这个认知让我感到前所未有的恐惧。,恐惧
听到那个呼唤我吓得浑身一颤。,恐惧
我恐惧得想要消失。,恐惧
总觉得会被永远困在噩梦中。,恐惧
那个景象让我吓得失去理智。,恐惧
我害怕得连哭都哭不出来。,恐惧
这个发现让我陷入深深的恐惧。,恐惧
这怎么可能？,惊讶
我的天啊！,惊讶
简直难以置信！,惊讶
我完全没想到！,惊讶
太出乎意料了！,惊讶
你在开玩笑吧？,惊讶
这不可能！,惊讶
我简直不敢相信自己的眼睛！,惊讶
怎么会这样？,惊讶
这太突然了！,惊讶
真是令人震惊！,惊讶
我惊呆了！,惊讶
这完全超出我的想象！,惊讶
太让人吃惊了！,惊讶
你确定这是真的吗？,惊讶
我简直要惊呆了！,惊讶
这完全在意料之外！,惊讶
我的下巴都要掉下来了！,惊讶
这太不可思议了！,惊讶
我完全被震惊了！,惊讶
怎么会发生这种事？,惊讶
这完全颠覆了我的认知！,惊讶
我惊讶得说不出话来！,惊讶
这太意外了！,惊讶
我的眼睛没看错吧？,惊讶
这简直是个奇迹！,惊讶
我完全没料到！,惊讶
这太震撼了！,惊讶
我惊讶得合不拢嘴！,惊讶
这完全超乎想象！,惊讶
真的假的？,惊讶
我简直不敢相信！,惊讶
这太令人诧异了！,惊讶
我的天哪！,惊讶
这完全出乎我的预料！,惊讶
我惊讶得目瞪口呆！,惊讶
这太惊人了！,惊讶
你是在逗我吗？,惊讶
我完全被惊到了！,惊讶
这怎么可能发生？,惊讶
这完全打破了我的认知！,惊讶
我惊讶得倒吸一口气！,惊讶
这太匪夷所思了！,惊讶
我简直要晕过去了！,惊讶
这完全不在计划中！,惊讶
我的反应都慢了半拍！,惊讶
这太让人意外了！,惊讶
我惊讶得心跳都加快了！,惊讶
这完全超乎常理！,惊讶
真的吗？你没骗我吧？,惊讶
我完全被吓到了！,惊讶
这太耸人听闻了！,惊讶
我的大脑一片空白！,惊讶
这完全颠覆了我的世界观！,惊讶
我惊讶得浑身一颤！,惊讶
这太出人意料了！,惊讶
你确定没搞错吗？,惊讶
我完全没心理准备！,惊讶
这太令人瞠目结舌了！,惊讶
我惊讶得后退了一步！,惊讶
这完全超出预期！,惊讶
我的天，这是真的？,惊讶
我简直要尖叫了！,惊讶
这太震撼人心了！,惊讶
我完全被这个结果惊到了！,惊讶
这怎么可能呢？,惊讶
我惊讶得捂住了嘴！,惊讶
这太不可思议了！,惊讶
我的眼睛瞪得老大！,惊讶
这完全是个惊喜！,惊讶
我惊讶得说不出话！,惊讶
这太让人难以置信了！,惊讶
你真的确定吗？,惊讶
我完全被这个发现震惊了！,惊讶
这太戏剧性了！,惊讶
我惊讶得直摇头！,惊讶
这完全改变了一切！,惊讶
我的天，怎么会？,惊讶
我简直要跳起来了！,惊讶
这太令人震惊了！,惊讶
我完全没想过会这样！,惊讶
这太神奇了！,惊讶
我惊讶得眨了眨眼！,惊讶
这完全出乎我的意料！,惊讶
你是在说真的吗？,惊讶
我完全被这个结果惊呆了！,惊讶
这太让人吃惊了！,惊讶
我惊讶得张大了嘴！,惊讶
这完全是个意外！,惊讶
我的反应都停滞了！,惊讶
这太不可思议了！,惊讶
我完全没预料到！,惊讶
这太令人诧异了！,惊讶
我惊讶得屏住了呼吸！,惊讶
这完全超乎我的理解！,惊讶
真的吗？我不敢相信！,惊讶
我完全被这个事实震惊了！,惊讶
这太惊人了！,惊讶
我惊讶得揉了揉眼睛！,惊讶
这完全改变了我的看法！,惊讶
我的天，这太突然了！,惊讶
我简直不敢相信这是真的！,惊讶
这太让人意外了！,惊讶
我完全没准备！,惊讶
这太震撼了！,惊讶
我惊讶得说不出一个字！,惊讶
这完全是个震撼！,惊讶
窗外的雨声轻柔地敲打着玻璃,平静
阳光透过窗帘洒在地板上,平静
茶杯里升起袅袅的白雾,平静
翻开一本泛黄的诗集,平静
手指轻轻划过书页,平静
远处的钟声缓缓飘来,平静
坐在老槐树下的石凳上,平静
看着云朵慢慢变换形状,平静
呼吸变得均匀而绵长,平静
水龙头滴落的水珠清脆作响,平静
老式收音机传来舒缓的音乐,平静
猫咪在阳光下打着盹,平静
竹叶在微风中轻轻摇曳,平静
湖面泛着细碎的波纹,平静
手指在琴键上轻轻滑动,平静
蜡烛的火苗安静地跳动,平静
翻开相册看着老照片,平静
坐在窗边看行人来往,平静
晾晒的衣物随风轻轻摆动,平静
庭院里的落叶沙沙作响,平静
炉火发出轻微的噼啪声,平静
毛笔在宣纸上缓缓移动,平静
茶香在空气中慢慢弥漫,平静
看着金鱼在缸中游动,平静
手指轻抚古琴的丝弦,平静
夕阳把影子拉得很长,平静
雪花静静地飘落,平静
听着自己的心跳声,平静
站在山顶看远方的风景,平静
摇篮轻轻晃动着,平静
手指编织着毛线,平静
看着咖啡豆在研磨器中转动,平静
老风扇发出规律的嗡嗡声,平静
翻开日记本写下今日,平静
坐在台阶上看蚂蚁搬家,平静
手指轻触花瓣上的露珠,平静
听着远处火车的汽笛声,平静
看着炊烟缓缓升起,平静
脚踏车链条规律地转动,平静
手指翻动着佛珠,平静
看着烛泪缓缓滴落,平静
坐在河边看流水,平静
树叶飘落在水面上,平静
手指抚过光滑的石头,平静
听着自己的呼吸声,平静
看着风筝在天空飘荡,平静
老座钟钟摆规律摆动,平静
手指轻抚猫咪的毛发,平静
看着墨水在纸上晕开,平静
坐在长廊看雨帘如幕,平静
竹帘的影子轻轻晃动,平静
手指捏着棋子沉思,平静
看着香炉青烟缭绕,平静
听着山间的溪流声,平静
坐在稻草堆上看星空,平静
手指抚过粗糙的树皮,平静
看着蒲公英轻轻飘散,平静
老井轱辘发出吱呀声,平静
手指轻触水面涟漪,平静
看着萤火虫点点光亮,平静
坐在门槛上看晚霞,平静
听着远处的蛙鸣,平静
手指翻着老地图,平静
看着雾气笼罩山峦,平静
坐在秋千上轻轻摇晃,平静
露珠在蛛网上闪烁,平静
手指抚过青石板,平静
看着候鸟飞过天空,平静
听着松涛阵阵,平静
坐在船头随波荡漾,平静
手指划过冰凉溪水,平静
看着炊烟散入云霄,平静
老门轴发出悠长的声响,平静
手指轻抚绣花绸缎,平静
看着倒影在水面晃动,平静
坐在麦田边听风声,平静
稻穗在夕阳下低垂,平静
手指抚过陶器表面,平静
看着月光洒满庭院,平静
听着夜虫的低鸣,平静
坐在岩石上看潮起潮落,平静
贝壳在沙滩上闪烁,平静
手指轻抚沙画,平静
看着彩虹渐渐显现,平静
坐在树荫下闭目养神,平静
花瓣随风飘落肩头,平静
手指抚过古书纹理,平静
看着雾气渐渐散去,平静
听着寺庙的钟声,平静
坐在溪边把脚浸入水中,平静
看着水草随波舞动,平静
手指轻触蝴蝶翅膀,平静
看着晨露从叶尖滴落,平静
坐在长椅上看鸽子觅食,平静
树叶在地上投下斑驳,平静
手指抚过光滑的陶瓷,平静
看着星辰缓缓移动,平静
听着自己的脚步声,平静
坐在花园闻着泥土香,平静
看着蜘蛛编织网络,平静
手指轻抚水墨画卷,平静
看着日光慢慢偏移,平静
坐在台阶上听风铃,平静
看着雪花堆积在枝头,平静
手指抚过冰凉的大理石,平静
看着纸船顺流而下,平静
这味道真让人作呕,厌恶
看到这种场面我就反胃,厌恶
离我远点，你真恶心,厌恶
这种卑鄙的手段令人不齿,厌恶
我讨厌这种虚伪的做作,厌恶
看到他就觉得浑身不舒服,厌恶
这种肮脏的交易让我想吐,厌恶
你的谎言让我感到厌恶,厌恶
这种低俗的玩笑真无趣,厌恶
我受不了这种刺耳的声音,厌恶
看到蟑螂我就头皮发麻,厌恶
这种谄媚的嘴脸真难看,厌恶
我厌恶这种阿谀奉承,厌恶
这种腐烂的气味真难闻,厌恶
你的假惺惺让我恶心,厌恶
看到老鼠我就浑身起鸡皮疙瘩,厌恶
这种下流的话真不堪入耳,厌恶
我讨厌这种装模作样,厌恶
这种污秽的画面让我不适,厌恶
你的虚伪让我作呕,厌恶
看到蛆虫我就想吐,厌恶
这种无耻的行为令人发指,厌恶
我厌恶这种肮脏的环境,厌恶
这种变质食物的味道真难闻,厌恶
你的做作让我反感,厌恶
看到蜘蛛我就毛骨悚然,厌恶
这种粗俗的举止真丢人,厌恶
我讨厌这种假仁假义,厌恶
这种发霉的气味让我头晕,厌恶
你的欺骗让我深恶痛绝,厌恶
看到蜈蚣我就浑身发抖,厌恶
这种龌龊的想法真可怕,厌恶
我厌恶这种假情假意,厌恶
这种腐臭的味道令人窒息,厌恶
你的伪善让我恶心,厌恶
看到蛇我就心惊胆战,厌恶
这种卑劣的手段真可耻,厌恶
我讨厌这种装腔作势,厌恶
这种污浊的空气让人难受,厌恶
你的狡诈让我反感,厌恶
看到苍蝇我就心烦意乱,厌恶
这种粗鄙的言语真难听,厌恶
我厌恶这种假慈悲,厌恶
这种馊掉的味道真刺鼻,厌恶
你的阴险让我作呕,厌恶
看到壁虎我就坐立不安,厌恶
这种下作的行为真可恶,厌恶
我讨厌这种装清高,厌恶
这种腥臭的气味让人反胃,厌恶
你的算计让我厌恶,厌恶
看到毛毛虫我就浑身发痒,厌恶
这种肮脏的想法真恶心,厌恶
我厌恶这种假正经,厌恶
这种酸臭的味道真难闻,厌恶
你的诡计让我深恶痛绝,厌恶
看到蝙蝠我就心惊肉跳,厌恶
这种猥琐的举止真讨厌,厌恶
我讨厌这种装可怜,厌恶
这种霉味让我呼吸困难,厌恶
你的背叛让我作呕,厌恶
看到蚯蚓我就头皮发麻,厌恶
这种龌龊的行为真可恨,厌恶
我厌恶这种假热情,厌恶
这种腐臭味令人作呕,厌恶
你的两面三刀让我恶心,厌恶
看到蟾蜍我就浑身不适,厌恶
这种卑鄙的算计真可怕,厌恶
我讨厌这种装无辜,厌恶
这种恶臭让我想吐,厌恶
你的欺骗让我反感,厌恶
看到螳螂我就心神不宁,厌恶
这种下流的眼神真可恶,厌恶
我厌恶这种假大方,厌恶
这种腥味让人难以忍受,厌恶
你的虚伪让我作呕,厌恶
看到蝎子我就胆战心惊,厌恶
这种肮脏的勾当真可耻,厌恶
我讨厌这种装模作样,厌恶
这种臭味让我头晕目眩,厌恶
你的阴险让我厌恶,厌恶
看到千足虫我就浑身发麻,厌恶
这种卑劣的行径真恶心,厌恶
我厌恶这种假客气,厌恶
这种难闻的气味真刺鼻,厌恶
你的狡诈让我作呕,厌恶
看到蚂蟥我就心惊胆颤,厌恶
这种龌龊的念头真可怕,厌恶
我讨厌这种装深沉,厌恶
这种恶心的味道让我反胃,厌恶
你的背叛让我深恶痛绝,厌恶
看到蜈蚣我就坐卧不安,厌恶
这种下作的手段真可恨,厌恶
我厌恶这种假热情,厌恶
这种令人作呕的气味真难闻,厌恶
这是什么意思？,困惑
我不太明白。,困惑
为什么会这样？,困惑
这让我很困惑。,困惑
你能再解释一遍吗？,困惑
我还是没听懂。,困惑
这不符合常理啊。,困惑
怎么会发生这种事？,困惑
我完全搞不懂。,困惑
这说不通啊。,困惑
到底是怎么回事？,困惑
我越想越糊涂。,困惑
这个逻辑我不理解。,困惑
为什么会这样发展？,困惑
我完全摸不着头脑。,困惑
这超出了我的理解范围。,困惑
你能说得更清楚些吗？,困惑
我还是很疑惑。,困惑
这个结果出乎意料。,困惑
我不明白其中的道理。,困惑
为什么会选这个？,困惑
这让我很费解。,困惑
我完全不明白。,困惑
你能再详细说明吗？,困惑
这个决定让我困惑。,困惑
为什么会这样安排？,困惑
我理解不了。,困惑
这不符合逻辑啊。,困惑
我还是没想通。,困惑
为什么会是这样的结果？,困惑
这个说法让我困惑。,困惑
我完全没搞懂。,困惑
你能举个例子吗？,困惑
这个变化让我不解。,困惑
为什么会突然改变？,困惑
我越想越不明白。,困惑
这不符合我的认知。,困惑
你能用别的方式解释吗？,困惑
这个情况让我很迷茫。,困惑
为什么会这么复杂？,困惑
我完全理解不了。,困惑
这说不通。,困惑
我还是很困惑。,困惑
这个选择令人费解。,困惑
为什么会这样做？,困惑
我完全没明白。,困惑
你能再描述一下吗？,困惑
这个现象让我不解。,困惑
为什么会这么奇怪？,困惑
我越想越困惑。,困惑
这不符合规律。,困惑
你能说得简单点吗？,困惑
这个决定让我想不通。,困惑
为什么会这么矛盾？,困惑
我完全无法理解。,困惑
这让我很迷茫。,困惑
我还是不明白。,困惑
这个结果出人意料。,困惑
为什么会这么模糊？,困惑
我完全搞不清楚。,困惑
你能再说明一下吗？,困惑
这个情况让我费解。,困惑
为什么会这么混乱？,困惑
我越想越不清楚。,困惑
这不符合常理。,困惑
你能换个角度解释吗？,困惑
这个变化让我困惑。,困惑
为什么会这么突然？,困惑
我完全不能理解。,困惑
这让我很费解。,困惑
我还是没搞懂。,困惑
这个现象令人不解。,困惑
为什么会这么复杂？,困惑
我完全想不明白。,困惑
你能再阐述一下吗？,困惑
这个选择让我迷茫。,困惑
为什么会这么难以理解？,困惑
我越想越费解。,困惑
这不符合逻辑。,困惑
你能用更简单的话说吗？,困惑
这个决定让我困惑。,困惑
为什么会这么矛盾？,困惑
我完全理解不了。,困惑
这让我很糊涂。,困惑
我还是不明白。,困惑
这个结果让我费解。,困惑
为什么会这么模糊？,困惑
我完全搞不懂。,困惑
你能再解释一下吗？,困惑
这个情况让我困惑。,困惑
为什么会这么混乱？,困惑
我越想越迷茫。,困惑
这不符合我的认知。,困惑
你能用别的方法说明吗？,困惑
这个变化让我不解。,困惑
为什么会这么突然？,困惑
我完全无法理解。,困惑
这让我很困惑。,困惑
我还是没想通。,困惑
这个现象让我费解。,困惑
为什么会这么奇怪？,困惑
我完全不明白。,困惑
你能再详细描述吗？,困惑
这个选择让我困惑。,困惑
为什么会这么复杂？,困惑
我越想越不明白。,困惑
这不符合规律。,困惑
你能说得更直白些吗？,困惑
这个决定让我费解。,困惑
为什么会这么矛盾？,困惑
我完全搞不清楚。,困惑
